"cp","ca","thalach","oldpeak","target"
"3","0","150","2.3","1"
"2","0","187","3.5","1"
"1","0","172","1.4","1"
"1","0","178","0.8","1"
"0","0","163","0.6","1"
"0","0","148","0.4","1"
"1","0","153","1.3","1"
"1","0","173","0","1"
"2","0","162","0.5","1"
"2","0","174","1.6","1"
"0","0","160","1.2","1"
"2","0","139","0.2","1"
"1","0","171","0.6","1"
"3","0","144","1.8","1"
"3","0","162","1","1"
"2","0","158","1.6","1"
"2","0","172","0","1"
"3","0","114","2.6","1"
"0","0","171","1.5","1"
"3","2","151","1.8","1"
"0","0","161","0.5","1"
"2","0","179","0.4","1"
"0","0","178","0","1"
"2","0","137","1","1"
"3","0","178","1.4","1"
"1","2","162","0.4","1"
"2","0","157","1.6","1"
"2","0","123","0.6","1"
"2","1","157","0.8","1"
"2","0","152","1.2","1"
"1","1","168","0","1"
"0","0","140","0.4","1"
"1","0","188","0","1"
"2","1","152","0.5","1"
"3","1","125","1.4","1"
"2","0","160","1.4","1"
"2","0","170","0","1"
"2","0","165","1.6","1"
"2","0","148","0.8","1"
"2","0","151","0.8","1"
"2","1","142","1.5","1"
"1","0","180","0.2","1"
"0","0","148","3","1"
"0","0","143","0.4","1"
"2","0","182","0","1"
"1","0","172","0.2","1"
"2","0","180","0","1"
"2","0","156","0","1"
"2","0","115","0","1"
"0","0","160","0","1"
"2","0","149","0.5","1"
"0","0","151","0.4","1"
"2","3","146","1.8","1"
"2","0","175","0.6","1"
"2","0","172","0","1"
"1","1","158","0.8","1"
"0","0","186","0","1"
"0","0","185","0","1"
"3","0","174","0","1"
"0","1","159","0","1"
"2","1","130","0","1"
"1","0","156","0","1"
"3","0","190","0","1"
"1","0","132","0","1"
"2","0","165","0","1"
"0","0","182","1.4","1"
"2","0","143","1.2","1"
"1","0","175","0.6","1"
"1","0","170","0","1"
"0","0","163","0","1"
"2","0","147","0.4","1"
"2","1","154","0","1"
"1","0","202","0","1"
"0","0","186","0","1"
"2","0","165","0.2","1"
"1","0","161","1.4","1"
"2","0","166","2.4","1"
"1","0","164","0","1"
"1","0","184","0","1"
"2","0","154","0.6","1"
"2","0","179","0","1"
"1","0","170","0","1"
"2","1","160","0","1"
"3","0","178","1.2","1"
"0","0","122","0.6","1"
"2","0","160","1.6","1"
"2","1","151","1","1"
"1","0","156","0","1"
"2","0","158","1.6","1"
"0","0","122","1","1"
"2","2","175","0","1"
"0","0","168","0","1"
"2","4","169","0","1"
"1","1","159","0","1"
"1","0","138","0","1"
"0","0","111","0","1"
"0","0","157","1.2","1"
"0","3","147","0.1","1"
"2","1","162","1.9","1"
"2","3","173","0","1"
"3","2","178","0.8","1"
"3","0","145","4.2","1"
"1","2","179","0","1"
"2","0","194","0.8","1"
"2","0","163","0","1"
"2","0","115","1.5","1"
"3","1","131","0.1","1"
"0","0","152","0.2","1"
"1","0","162","1.1","1"
"0","0","159","0","1"
"0","0","154","0","1"
"2","1","173","0.2","1"
"2","0","133","0.2","1"
"0","0","161","0","1"
"1","0","155","0","1"
"2","0","170","0","1"
"2","0","168","2","1"
"3","0","162","1.9","1"
"1","0","172","0","1"
"0","0","152","0","1"
"0","2","122","2","1"
"0","0","182","0","1"
"2","0","172","0","1"
"2","0","167","0","1"
"2","0","179","0","1"
"1","0","192","0.7","1"
"0","0","143","0.1","1"
"2","1","172","0","1"
"2","0","169","0.1","1"
"1","1","121","0.2","1"
"2","1","163","0","1"
"1","0","162","0","1"
"1","0","162","0","1"
"1","0","153","0","1"
"1","0","163","0","1"
"0","0","163","0","1"
"2","0","96","0","1"
"1","0","140","0","1"
"0","0","126","1.5","1"
"0","1","105","0.2","1"
"2","0","157","0.6","1"
"0","0","181","1.2","1"
"2","0","173","0","1"
"0","2","142","0.3","1"
"2","0","116","1.1","1"
"1","0","143","0","1"
"2","1","149","0.3","1"
"3","0","171","0.9","1"
"2","0","169","0","1"
"2","0","150","0","1"
"0","0","138","2.3","1"
"0","0","125","1.6","1"
"3","0","155","0.6","1"
"2","1","152","0","1"
"2","0","152","0","1"
"0","0","131","0.6","1"
"2","0","179","0","1"
"1","0","174","0","1"
"1","4","144","0.4","1"
"1","0","163","0","1"
"1","0","169","0","1"
"1","0","166","1.2","1"
"1","0","182","0","1"
"2","4","173","0","1"
"2","4","173","0","1"
"0","3","108","1.5","0"
"0","2","129","2.6","0"
"0","2","160","3.6","0"
"0","1","147","1.4","0"
"0","0","155","3.1","0"
"2","1","142","0.6","0"
"1","0","168","1","0"
"1","0","160","1.8","0"
"2","2","173","3.2","0"
"0","2","132","2.4","0"
"0","0","114","2","0"
"0","2","160","1.4","0"
"2","0","158","0","0"
"0","0","120","2.5","0"
"0","1","112","0.6","0"
"0","1","132","1.2","0"
"0","3","114","1","0"
"0","0","169","0","0"
"2","1","165","2.5","0"
"0","0","128","2.6","0"
"0","1","153","0","0"
"0","1","144","1.4","0"
"0","1","109","2.2","0"
"2","1","163","0.6","0"
"0","0","158","0","0"
"0","0","142","1.2","0"
"0","3","131","2.2","0"
"0","1","113","1.4","0"
"0","2","142","2.8","0"
"2","0","155","3","0"
"0","0","140","3.4","0"
"2","0","147","3.6","0"
"0","2","163","0.2","0"
"0","2","99","1.8","0"
"0","2","158","0.6","0"
"0","1","177","0","0"
"0","1","141","2.8","0"
"0","0","111","0.8","0"
"2","0","150","1.6","0"
"0","3","145","6.2","0"
"0","1","161","0","0"
"0","1","142","1.2","0"
"0","2","157","2.6","0"
"2","3","139","2","0"
"0","1","162","0","0"
"2","1","150","0.4","0"
"0","1","140","3.6","0"
"0","0","140","1.2","0"
"0","0","146","1","0"
"0","1","144","1.2","0"
"0","0","136","3","0"
"2","1","97","1.2","0"
"0","3","132","1.8","0"
"0","1","127","2.8","0"
"0","2","150","0","0"
"0","3","154","4","0"
"0","0","111","5.6","0"
"3","1","174","1.4","0"
"0","2","133","4","0"
"0","1","126","2.8","0"
"0","0","125","2.6","0"
"1","1","103","1.4","0"
"0","0","130","1.6","0"
"3","0","159","0.2","0"
"2","0","131","1.8","0"
"2","0","152","0","0"
"0","3","124","1","0"
"0","1","145","0.8","0"
"0","1","96","2.2","0"
"0","3","109","2.4","0"
"0","0","173","1.6","0"
"0","2","171","0","0"
"0","2","170","1.2","0"
"0","3","162","0","0"
"0","0","156","0","0"
"2","1","112","2.9","0"
"0","0","143","0","0"
"0","2","132","2","0"
"0","1","88","1.2","0"
"0","1","105","2.1","0"
"0","0","166","0.5","0"
"0","2","150","1.9","0"
"1","3","120","0","0"
"1","1","195","0","0"
"2","3","146","2","0"
"0","3","122","4.2","0"
"0","4","143","0.1","0"
"0","3","106","1.9","0"
"0","2","125","0.9","0"
"3","0","125","0","0"
"0","3","147","0","0"
"0","2","130","3","0"
"0","0","126","0.9","0"
"0","0","154","1.4","0"
"3","0","182","3.8","0"
"0","2","165","1","0"
"0","1","160","0","0"
"0","2","95","2","0"
"0","2","169","1.8","0"
"0","1","108","0","0"
"0","1","132","0.1","0"
"0","0","117","3.4","0"
"2","3","126","0.8","0"
"0","2","116","3.2","0"
"0","0","103","1.6","0"
"0","0","144","0.8","0"
"3","2","145","2.6","0"
"0","0","71","1","0"
"0","1","156","0.1","0"
"0","1","118","1","0"
"0","2","168","1","0"
"0","1","105","2","0"
"1","0","141","0.3","0"
"1","2","152","0","0"
"0","1","125","3.6","0"
"0","0","125","1.8","0"
"0","0","156","1","0"
"2","1","134","2.2","0"
"0","0","181","0","0"
"0","1","138","1.9","0"
"0","2","120","1.8","0"
"3","2","162","0.8","0"
"1","1","164","0","0"
"0","1","143","3","0"
"0","1","130","2","0"
"0","1","161","0","0"
"0","3","140","4.4","0"
"0","2","146","2.8","0"
"2","0","150","0.8","0"
"0","0","144","2.8","0"
"0","2","144","4","0"
"0","0","136","0","0"
"0","2","90","1","0"
"0","0","123","0.2","0"
"3","0","132","1.2","0"
"0","2","141","3.4","0"
"0","1","115","1.2","0"
"1","1","174","0","0"
