cp,ca,thalach,oldpeak,target,Predictions
1,0,175,0.6,1,1
3,0,162,1.9,1,1
0,0,142,1.2,0,0
2,0,169,0.1,1,1
1,0,192,0.7,1,1
3,0,162,1.0,1,1
0,1,144,1.4,0,0
0,2,133,4.0,0,0
0,1,141,2.8,0,0
1,0,178,0.8,1,1
1,0,188,0.0,1,1
1,0,169,0.0,1,1
0,1,130,2.0,0,0
2,1,154,0.0,1,1
0,2,170,1.2,0,0
0,2,116,3.2,0,0
2,0,147,0.4,1,1
2,0,154,0.6,1,1
0,0,163,0.6,1,1
0,1,153,0.0,0,1
1,0,138,0.0,1,1
1,0,172,0.0,1,1
0,3,109,2.4,0,0
2,0,155,3.0,0,0
1,0,202,0.0,1,0
1,0,180,0.2,1,1
3,1,174,1.4,0,1
0,0,159,0.0,1,1
2,0,172,0.0,1,1
0,2,132,2.0,0,0
0,1,161,0.0,0,0
0,0,154,0.0,1,1
3,2,178,0.8,1,1
0,0,182,0.0,1,1
0,0,157,1.2,1,0
1,2,162,0.4,1,0
0,1,112,0.6,0,0
0,0,111,0.0,1,0
2,0,131,1.8,0,0
2,3,126,0.8,0,0
0,1,144,1.2,0,0
2,0,152,0.0,0,1
3,0,144,1.8,1,1
0,1,140,3.6,0,0
0,3,145,6.2,0,0
2,1,142,1.5,1,0
0,2,150,1.9,0,0
0,0,173,1.6,0,1
0,1,108,0.0,0,0
0,0,140,0.4,1,1
0,0,148,3.0,1,0
0,2,169,1.8,0,0
2,0,179,0.0,1,1
2,0,147,3.6,0,0
2,0,150,0.8,0,1
0,1,143,3.0,0,0
0,1,105,2.1,0,0
0,1,145,0.8,0,0
0,0,181,1.2,1,1
0,3,106,1.9,0,0
0,2,132,2.4,0,0
1,3,120,0.0,0,1
2,0,133,0.2,1,0
2,0,150,0.0,1,1
0,0,152,0.2,1,1
0,2,163,0.2,0,0
0,2,120,1.8,0,0
0,0,128,2.6,0,0
0,0,156,0.0,0,0
0,0,171,1.5,1,1
2,0,163,0.0,1,1
2,1,152,0.5,1,1
3,0,171,0.9,1,1
0,0,186,0.0,1,1
0,0,123,0.2,0,1
0,0,111,0.8,0,0
2,0,160,1.6,1,1
2,1,151,1.0,1,1
1,0,172,1.4,1,1
0,2,144,4.0,0,0
1,0,156,0.0,1,1
1,0,164,0.0,1,1
3,0,178,1.2,1,1
0,2,125,0.9,0,0
2,1,149,0.3,1,0
1,1,168,0.0,1,1
2,0,170,0.0,1,1
0,0,166,0.5,0,1
2,0,96,0.0,1,0
2,0,158,0.0,0,1
1,1,174,0.0,0,1
3,0,178,1.4,1,1
3,2,151,1.8,1,0
0,1,125,3.6,0,0
0,0,140,1.2,0,0
0,0,131,0.6,1,0
2,1,163,0.0,1,0
2,4,173,0.0,1,1
2,1,134,2.2,0,0
2,0,148,0.8,1,1
1,0,161,1.4,1,1
